{
  "summary": {
    "CBL_no_defense": {
      "CA": 92.25,
      "ASR": 99.93333333333334
    },
    "CBL_after_defense": {
      "CA": 89.56,
      "ASR": 24.81111111111111
    },
    "SBL_step0": {
      "CA": 93.03,
      "ASR": 99.92222222222222
    },
    "SBL_step1": {
      "CA": 86.53,
      "ASR": 72.76666666666667
    },
    "SBL_after_defense": {
      "CA": 56.51,
      "ASR": 17.544444444444444
    }
  },
  "defense_trajectory_cbl": [
    [
      68.75,
      98.02222222222223
    ],
    [
      72.66,
      39.78888888888889
    ],
    [
      82.96,
      34.65555555555556
    ],
    [
      85.94,
      25.666666666666668
    ],
    [
      85.6,
      30.166666666666668
    ],
    [
      85.98,
      37.27777777777778
    ],
    [
      87.12,
      32.06666666666667
    ],
    [
      88.63,
      33.75555555555555
    ],
    [
      87.68,
      31.8
    ],
    [
      88.21,
      29.377777777777776
    ],
    [
      87.71,
      26.844444444444445
    ],
    [
      88.1,
      31.055555555555557
    ],
    [
      88.17,
      38.3
    ],
    [
      88.4,
      38.05555555555556
    ],
    [
      88.07,
      29.92222222222222
    ],
    [
      88.34,
      29.366666666666667
    ],
    [
      88.68,
      34.81111111111111
    ],
    [
      88.87,
      33.888888888888886
    ],
    [
      88.77,
      31.944444444444443
    ],
    [
      88.85,
      31.855555555555554
    ],
    [
      88.91,
      28.644444444444446
    ],
    [
      88.92,
      28.433333333333334
    ],
    [
      88.41,
      28.4
    ],
    [
      87.54,
      25.322222222222223
    ],
    [
      88.11,
      25.533333333333335
    ],
    [
      88.64,
      23.155555555555555
    ],
    [
      88.71,
      25.522222222222222
    ],
    [
      88.77,
      27.955555555555556
    ],
    [
      89.06,
      28.255555555555556
    ],
    [
      89.22,
      25.68888888888889
    ],
    [
      89.21,
      27.344444444444445
    ],
    [
      89.22,
      27.211111111111112
    ],
    [
      89.43,
      27.9
    ],
    [
      89.38,
      28.0
    ],
    [
      89.43,
      27.6
    ],
    [
      89.31,
      24.177777777777777
    ],
    [
      89.32,
      26.2
    ],
    [
      89.24,
      27.122222222222224
    ],
    [
      89.34,
      26.8
    ],
    [
      89.63,
      27.044444444444444
    ],
    [
      89.45,
      26.466666666666665
    ],
    [
      89.41,
      23.77777777777778
    ],
    [
      89.5,
      24.233333333333334
    ],
    [
      89.63,
      24.7
    ],
    [
      89.54,
      24.433333333333334
    ],
    [
      89.55,
      26.444444444444443
    ],
    [
      89.55,
      26.4
    ],
    [
      89.36,
      26.11111111111111
    ],
    [
      89.56,
      25.18888888888889
    ],
    [
      89.56,
      24.81111111111111
    ]
  ],
  "defense_trajectory_sbl": [
    [
      72.44,
      64.65555555555555
    ],
    [
      82.85,
      21.133333333333333
    ],
    [
      82.11,
      27.6
    ],
    [
      81.06,
      26.3
    ],
    [
      82.04,
      27.27777777777778
    ],
    [
      79.28,
      27.233333333333334
    ],
    [
      80.44,
      22.6
    ],
    [
      80.52,
      17.044444444444444
    ],
    [
      80.76,
      20.61111111111111
    ],
    [
      82.76,
      21.544444444444444
    ],
    [
      82.13,
      15.322222222222223
    ],
    [
      81.41,
      17.177777777777777
    ],
    [
      79.9,
      25.344444444444445
    ],
    [
      79.21,
      23.81111111111111
    ],
    [
      80.25,
      25.166666666666668
    ],
    [
      78.87,
      23.77777777777778
    ],
    [
      78.33,
      21.755555555555556
    ],
    [
      77.55,
      20.988888888888887
    ],
    [
      78.13,
      19.033333333333335
    ],
    [
      76.99,
      20.544444444444444
    ],
    [
      75.94,
      21.022222222222222
    ],
    [
      75.48,
      20.655555555555555
    ],
    [
      75.11,
      20.844444444444445
    ],
    [
      75.38,
      19.266666666666666
    ],
    [
      76.16,
      17.41111111111111
    ],
    [
      75.92,
      16.022222222222222
    ],
    [
      75.7,
      16.333333333333332
    ],
    [
      73.3,
      15.633333333333333
    ],
    [
      74.91,
      15.71111111111111
    ],
    [
      74.59,
      16.566666666666666
    ],
    [
      73.49,
      16.966666666666665
    ],
    [
      72.89,
      18.2
    ],
    [
      73.04,
      17.466666666666665
    ],
    [
      72.67,
      18.244444444444444
    ],
    [
      71.31,
      18.22222222222222
    ],
    [
      70.41,
      19.233333333333334
    ],
    [
      69.79,
      17.711111111111112
    ],
    [
      68.84,
      17.355555555555554
    ],
    [
      68.32,
      17.377777777777776
    ],
    [
      66.78,
      18.18888888888889
    ],
    [
      66.04,
      18.366666666666667
    ],
    [
      65.37,
      18.3
    ],
    [
      63.95,
      18.81111111111111
    ],
    [
      63.35,
      19.355555555555554
    ],
    [
      63.27,
      19.0
    ],
    [
      62.17,
      18.42222222222222
    ],
    [
      61.05,
      17.7
    ],
    [
      59.3,
      17.766666666666666
    ],
    [
      57.43,
      17.544444444444444
    ],
    [
      56.51,
      17.544444444444444
    ]
  ],
  "args": {
    "data_root": "/root/workspace/aaai-backdoor/datasets/",
    "poison_rate": 0.1,
    "target_label": 0,
    "batch_size": 128,
    "cbl_epochs": 100,
    "cbl_lr": 0.01,
    "sbl_s0_epochs": 100,
    "sbl_s0_lr": 0.01,
    "sam_rho": 0.05,
    "sbl_s1_epochs": 60,
    "sbl_s1_lr": 0.001,
    "ewc_lambda": 1.0,
    "def_epochs": 50,
    "def_lr": 0.01,
    "interp_points": 21,
    "landscape_grid": 11,
    "landscape_range": 0.5,
    "skip_landscape_2d": false
  }
}