{
  "A_full_shrink": {
    "before": {
      "CA": 93.02,
      "ASR": 99.87777777777778
    },
    "step2": {
      "CA": 92.86,
      "ASR": 100.0,
      "success": true
    },
    "step3": {
      "CA": 10.0,
      "ASR": 0.0
    },
    "step4": {
      "CA": 77.58,
      "ASR": 0.6888888888888889
    },
    "after_ft": {
      "CA": 44.22,
      "ASR": 5.844444444444444
    },
    "ft_trajectory": [
      [
        10.02,
        0.0
      ],
      [
        10.83,
        0.8555555555555555
      ],
      [
        14.67,
        20.08888888888889
      ],
      [
        14.56,
        44.03333333333333
      ],
      [
        17.45,
        23.988888888888887
      ],
      [
        20.48,
        13.777777777777779
      ],
      [
        24.45,
        10.266666666666667
      ],
      [
        26.78,
        11.844444444444445
      ],
      [
        26.22,
        13.222222222222221
      ],
      [
        28.14,
        7.022222222222222
      ],
      [
        29.65,
        13.466666666666667
      ],
      [
        31.1,
        11.38888888888889
      ],
      [
        31.77,
        7.2444444444444445
      ],
      [
        33.84,
        9.833333333333334
      ],
      [
        33.07,
        12.044444444444444
      ],
      [
        30.9,
        11.522222222222222
      ],
      [
        36.29,
        5.155555555555556
      ],
      [
        34.82,
        8.633333333333333
      ],
      [
        35.96,
        5.6
      ],
      [
        38.51,
        6.222222222222222
      ],
      [
        37.52,
        10.588888888888889
      ],
      [
        39.38,
        6.888888888888889
      ],
      [
        41.13,
        4.566666666666666
      ],
      [
        40.76,
        8.322222222222223
      ],
      [
        40.52,
        10.944444444444445
      ],
      [
        40.33,
        8.78888888888889
      ],
      [
        41.58,
        7.233333333333333
      ],
      [
        41.69,
        6.866666666666666
      ],
      [
        40.49,
        7.211111111111111
      ],
      [
        44.22,
        5.844444444444444
      ]
    ]
  },
  "B_reset_unlearn": {
    "before": {
      "CA": 93.02,
      "ASR": 99.87777777777778
    },
    "step3": {
      "CA": 10.0,
      "ASR": 100.0
    },
    "step4": {
      "CA": 31.3,
      "ASR": 12.966666666666667
    },
    "after_ft": {
      "CA": 88.17,
      "ASR": 3.033333333333333
    },
    "ft_trajectory": [
      [
        75.87,
        9.988888888888889
      ],
      [
        82.63,
        9.61111111111111
      ],
      [
        85.02,
        10.144444444444444
      ],
      [
        81.0,
        7.4222222222222225
      ],
      [
        85.38,
        6.7555555555555555
      ],
      [
        85.68,
        5.144444444444445
      ],
      [
        86.01,
        10.544444444444444
      ],
      [
        85.24,
        9.4
      ],
      [
        85.22,
        6.411111111111111
      ],
      [
        86.34,
        3.577777777777778
      ],
      [
        84.47,
        5.0
      ],
      [
        84.82,
        8.022222222222222
      ],
      [
        85.78,
        4.544444444444444
      ],
      [
        86.75,
        3.088888888888889
      ],
      [
        86.94,
        4.277777777777778
      ],
      [
        87.34,
        3.6444444444444444
      ],
      [
        86.58,
        4.344444444444444
      ],
      [
        86.91,
        3.8666666666666667
      ],
      [
        87.3,
        3.477777777777778
      ],
      [
        87.37,
        3.077777777777778
      ],
      [
        87.47,
        3.3777777777777778
      ],
      [
        87.18,
        3.488888888888889
      ],
      [
        87.16,
        2.2111111111111112
      ],
      [
        87.87,
        3.1444444444444444
      ],
      [
        87.42,
        3.511111111111111
      ],
      [
        87.72,
        2.7222222222222223
      ],
      [
        87.8,
        2.7777777777777777
      ],
      [
        88.17,
        2.811111111111111
      ],
      [
        87.94,
        3.4444444444444446
      ],
      [
        88.17,
        3.033333333333333
      ]
    ]
  },
  "C_zero_unlearn": {
    "before": {
      "CA": 93.02,
      "ASR": 99.87777777777778
    },
    "step3": {
      "CA": 10.0,
      "ASR": 100.0
    },
    "step4": {
      "CA": 13.65,
      "ASR": 36.75555555555555
    },
    "after_ft": {
      "CA": 51.4,
      "ASR": 7.7444444444444445
    },
    "ft_trajectory": [
      [
        16.79,
        37.044444444444444
      ],
      [
        22.05,
        1.4222222222222223
      ],
      [
        32.83,
        3.1
      ],
      [
        31.55,
        18.11111111111111
      ],
      [
        35.96,
        4.277777777777778
      ],
      [
        38.54,
        9.544444444444444
      ],
      [
        38.81,
        8.244444444444444
      ],
      [
        37.74,
        9.322222222222223
      ],
      [
        40.22,
        7.2
      ],
      [
        40.03,
        10.833333333333334
      ],
      [
        42.7,
        4.944444444444445
      ],
      [
        43.68,
        8.533333333333333
      ],
      [
        45.16,
        6.366666666666666
      ],
      [
        46.8,
        6.188888888888889
      ],
      [
        38.95,
        13.988888888888889
      ],
      [
        44.22,
        5.011111111111111
      ],
      [
        46.72,
        3.411111111111111
      ],
      [
        47.13,
        4.888888888888889
      ],
      [
        48.6,
        5.377777777777778
      ],
      [
        48.44,
        6.022222222222222
      ],
      [
        48.99,
        7.488888888888889
      ],
      [
        52.89,
        5.3
      ],
      [
        50.44,
        4.966666666666667
      ],
      [
        51.45,
        9.28888888888889
      ],
      [
        49.85,
        9.344444444444445
      ],
      [
        51.42,
        5.7555555555555555
      ],
      [
        51.27,
        5.8
      ],
      [
        53.92,
        4.5777777777777775
      ],
      [
        49.07,
        8.666666666666666
      ],
      [
        51.4,
        7.7444444444444445
      ]
    ]
  },
  "D_unlearn_only": {
    "before": {
      "CA": 93.02,
      "ASR": 99.87777777777778
    },
    "step4": {
      "CA": 56.05,
      "ASR": 0.0
    },
    "after_ft": {
      "CA": 24.75,
      "ASR": 20.266666666666666
    },