{
  "attack": {
    "CA": 93.02,
    "ASR": 99.87777777777778
  },
  "standard_ft": {
    "CA": 91.41,
    "ASR": 92.95555555555555
  },
  "bb_step1": {
    "CA": 93.02,
    "ASR": 99.87777777777778
  },
  "bb_step2": {
    "CA": 92.77,
    "ASR": 100.0
  },
  "bb_step3": {
    "CA": 92.77,
    "ASR": 100.0
  },
  "bb_step4": {
    "CA": 91.12,
    "ASR": 99.56666666666666
  },
  "bb_plus_ft": {
    "CA": 91.63,
    "ASR": 95.82222222222222
  },
  "ft_trajectory": [
    [
      91.49,
      100.0
    ],
    [
      91.11,
      99.97777777777777
    ],
    [
      91.53,
      99.93333333333334
    ],
    [
      91.49,
      99.88888888888889
    ],
    [
      91.18,
      99.57777777777778
    ],
    [
      91.02,
      99.23333333333333
    ],
    [
      91.07,
      99.26666666666667
    ],
    [
      91.22,
      99.27777777777777
    ],
    [
      91.13,
      99.31111111111112
    ],
    [
      91.34,
      99.34444444444445
    ],
    [
      91.34,
      99.34444444444445
    ],
    [
      91.3,
      99.36666666666666
    ],
    [
      91.36,
      96.1
    ],
    [
      91.33,
      91.82222222222222
    ],
    [
      91.41,
      91.5111111111111
    ],
    [
      91.26,
      91.47777777777777
    ],
    [
      91.43,
      91.47777777777777
    ],
    [
      91.14,
      91.88888888888889
    ],
    [
      91.4,
      92.6
    ],
    [
      91.26,
      92.28888888888889
    ],
    [
      91.1,
      92.12222222222222
    ],
    [
      91.32,
      92.54444444444445
    ],
    [
      91.44,
      92.35555555555555
    ],
    [
      91.23,
      92.18888888888888
    ],
    [
      91.38,
      92.57777777777778
    ],
    [
      91.45,
      92.31111111111112
    ],
    [
      91.5,
      92.63333333333334
    ],
    [
      91.42,
      92.61111111111111
    ],
    [
      91.32,
      92.3
    ],
    [
      91.35,
      92.21111111111111
    ],
    [
      91.37,
      92.75555555555556
    ],
    [
      91.54,
      92.9888888888889
    ],
    [
      91.5,
      92.57777777777778
    ],
    [
      91.42,
      92.53333333333333
    ],
    [
      91.25,
      92.57777777777778
    ],
    [
      91.31,
      93.14444444444445
    ],
    [
      91.38,
      93.22222222222223
    ],
    [
      91.58,
      92.81111111111112
    ],
    [
      91.36,
      92.78888888888889
    ],
    [
      91.28,
      92.8
    ],
    [
      91.5,
      92.27777777777777
    ],
    [
      91.55,
      92.87777777777778
    ],
    [
      91.47,
      93.33333333333333
    ],
    [
      91.46,
      93.23333333333333
    ],
    [
      91.45,
      93.52222222222223
    ],
    [
      91.43,
      93.56666666666666
    ],
    [
      91.48,
      93.38888888888889
    ],
    [
      91.61,
      93.24444444444444
    ],
    [
      91.54,
      92.96666666666667
    ],
    [
      91.41,
      92.95555555555555
    ]
  ],
  "bb_ft_trajectory": [
    [
      91.8,
      97.2
    ],
    [
      91.49,
      95.76666666666667
    ],
    [
      91.38,
      94.66666666666667
    ],
    [
      91.39,
      95.44444444444444
    ],
    [
      91.61,
      94.68888888888888
    ],
    [
      91.72,
      95.7
    ],
    [
      91.51,
      95.9
    ],
    [
      91.42,
      95.56666666666666
    ],
    [
      91.57,
      95.72222222222223
    ],
    [
      91.5,
      95.4
    ],
    [
      91.44,
      95.04444444444445
    ],
    [
      91.73,
      94.97777777777777
    ],
    [
      91.69,
      95.36666666666666
    ],
    [
      91.54,
      95.26666666666667
    ],
    [
      91.5,
      95.64444444444445
    ],
    [
      91.52,
      95.66666666666667
    ],
    [
      91.6,
      95.8
    ],
    [
      91.51,
      95.81111111111112
    ],
    [
      91.37,
      95.94444444444444
    ],
    [
      91.64,
      95.96666666666667
    ],
    [
      91.55,
      96.0
    ],
    [
      91.46,
      95.92222222222222
    ],
    [
      91.39,
      95.92222222222222
    ],
    [
      91.39,
      96.06666666666666
    ],
    [
      91.58,
      95.91111111111111
    ],
    [
      91.66,
      95.76666666666667
    ],
    [
      91.44,
      95.9888888888889
    ],
    [
      91.46,
      95.94444444444444
    ],
    [
      91.54,
      95.78888888888889
    ],
    [
      91.43,
      95.75555555555556
    ],
    [
      91.49,
      95.62222222222222
    ],
    [
      91.53,
      95.58888888888889
    ],
    [
      91.56,
      95.77777777777777
    ],
    [
      91.54,
      95.68888888888888
    ],
    [
      91.39,
      95.94444444444444
    ],
    [
      91.55,
      95.77777777777777
    ],
    [
      91.7,
      95.52222222222223
    ],
    [
      91.74,
      95.47777777777777
    ],
    [
      91.74,
      95.46666666666667
    ],
    [
      91.7,
      95.77777777777777
    ],
    [
      91.7,
      95.82222222222222
    ],
    [
      91.73,
      95.78888888888889
    ],
    [
      91.6,
      95.64444444444445
    ],
    [
      91.7,
      95.76666666666667
    ],
    [
      91.67,
      95.87777777777778
    ],
    [
      91.73,
      95.95555555555555
    ],
    [
      91.75,
      95.77777777777777
    ],
    [
      91.68,
      95.73333333333333
    ],
    [
      91.71,
      95.83333333333333
    ],
    [
      91.63,
      95.82222222222222
    ]
  ],
  "v2_reference": {
    "SAM_only_after_defense": {
      "CA": 91.26,
      "ASR": 91.37
    }
  }
}