{
  "name": "E_Combined",
  "initial_ca": 93.02,
  "initial_asr": 99.87777777777778,
  "post_defense_ca": 91.97,
  "post_defense_asr": 98.7,
  "final_ca": 91.75,
  "final_asr": 98.87777777777778,
  "defense_time": 27.612433910369873
}