{
  "name": "A_SharpAscent",
  "initial_ca": 93.02,
  "initial_asr": 99.87777777777778,
  "post_defense_ca": 91.46,
  "post_defense_asr": 99.04444444444445,
  "final_ca": 91.68,
  "final_asr": 99.04444444444445,
  "defense_time": 18.818060159683228
}