{
  "name": "F_StandardFT",
  "initial_ca": 93.02,
  "initial_asr": 99.87777777777778,
  "post_defense_ca": 91.69,
  "post_defense_asr": 98.77777777777777,
  "final_ca": 91.7,
  "final_asr": 98.61111111111111,
  "defense_time": 19.392814874649048
}