{
  "name": "D_AggressiveFT",
  "initial_ca": 93.02,
  "initial_asr": 99.87777777777778,
  "post_defense_ca": 86.11,
  "post_defense_asr": 1.9222222222222223,
  "final_ca": 86.02,
  "final_asr": 2.011111111111111,
  "defense_time": 19.240078926086426
}