{
  "summary": {
    "CBL_no_defense": {
      "CA": 92.35,
      "ASR": 99.91111111111111
    },
    "CBL_after_defense": {
      "CA": 91.11,
      "ASR": 95.36666666666666
    },
    "SBL_step0": {
      "CA": 92.99,
      "ASR": 99.88888888888889
    },
    "SBL_step1": {
      "CA": 92.88,
      "ASR": 99.9888888888889
    },
    "SBL_after_defense": {
      "CA": 80.77,
      "ASR": 82.21111111111111
    },
    "SAM_only_no_defense": {
      "CA": 92.99,
      "ASR": 99.88888888888889
    },
    "SAM_only_after_defense": {
      "CA": 91.66,
      "ASR": 99.35555555555555
    }
  },
  "defense_trajectory_cbl": [
    [
      84.08,
      99.7
    ],
    [
      86.31,
      99.57777777777778
    ],
    [
      88.0,
      97.88888888888889
    ],
    [
      89.0,
      97.1
    ],
    [
      88.49,
      97.66666666666667
    ],
    [
      89.77,
      97.77777777777777
    ],
    [
      89.87,
      97.72222222222223
    ],
    [
      90.14,
      98.18888888888888
    ],
    [
      90.04,
      98.56666666666666
    ],
    [
      90.12,
      98.5111111111111
    ],
    [
      90.17,
      96.62222222222222
    ],
    [
      90.25,
      97.1
    ],
    [
      90.04,
      95.77777777777777
    ],
    [
      89.9,
      94.94444444444444
    ],
    [
      89.82,
      95.21111111111111
    ],
    [
      90.16,
      95.11111111111111
    ],
    [
      90.29,
      94.17777777777778
    ],
    [
      90.48,
      94.78888888888889
    ],
    [
      90.3,
      96.0
    ],
    [
      90.55,
      95.95555555555555
    ],
    [
      90.55,
      95.35555555555555
    ],
    [
      90.8,
      95.71111111111111
    ],
    [
      90.66,
      95.44444444444444
    ],
    [
      90.62,
      95.75555555555556
    ],
    [
      90.96,
      96.45555555555555
    ],
    [
      90.79,
      96.22222222222223
    ],
    [
      90.85,
      95.94444444444444
    ],
    [
      90.72,
      95.6
    ],
    [
      90.56,
      95.53333333333333
    ],
    [
      90.82,
      95.46666666666667
    ],
    [
      90.77,
      95.86666666666666
    ],
    [
      91.03,
      95.57777777777778
    ],
    [
      90.97,
      95.92222222222222
    ],
    [
      90.95,
      96.32222222222222
    ],
    [
      91.03,
      96.32222222222222
    ],
    [
      90.92,
      96.14444444444445
    ],
    [
      91.08,
      96.55555555555556
    ],
    [
      90.88,
      96.66666666666667
    ],
    [
      90.93,
      96.66666666666667
    ],
    [
      90.93,
      95.9
    ],
    [
      91.01,
      95.94444444444444
    ],
    [
      90.97,
      95.62222222222222
    ],
    [
      91.05,
      95.72222222222223
    ],
    [
      91.0,
      95.02222222222223
    ],
    [
      91.02,
      95.22222222222223
    ],
    [
      91.16,
      96.0111111111111
    ],
    [
      91.06,
      95.53333333333333
    ],
    [
      91.12,
      95.73333333333333
    ],
    [
      91.07,
      95.55555555555556
    ],
    [
      91.11,
      95.36666666666666
    ]
  ],
  "defense_trajectory_sbl": [
    [
      90.96,
      99.9888888888889
    ],
    [
      90.25,
      99.78888888888889
    ],
    [
      89.73,
      99.63333333333334
    ],
    [
      89.73,
      99.4
    ],
    [
      90.01,
      99.27777777777777
    ],
    [
      89.78,
      99.35555555555555
    ],
    [
      89.46,
      99.35555555555555
    ],
    [
      89.68,
      99.17777777777778
    ],
    [
      89.21,
      99.17777777777778
    ],
    [
      89.47,
      99.05555555555556
    ],
    [
      88.35,
      99.04444444444445
    ],
    [
      88.28,
      98.9
    ],
    [
      87.34,
      98.5
    ],
    [
      87.21,
      98.44444444444444
    ],
    [
      87.71,
      98.3
    ],
    [
      87.74,
      98.18888888888888
    ],
    [
      87.48,
      98.07777777777778
    ],
    [
      87.09,
      97.63333333333334
    ],
    [
      86.96,
      97.37777777777778
    ],
    [
      86.94,
      97.47777777777777
    ],
    [
      86.67,
      97.03333333333333
    ],
    [
      86.9,
      96.95555555555555
    ],
    [
      86.45,
      96.92222222222222
    ],
    [
      86.24,
      96.77777777777777
    ],
    [
      86.1,
      96.84444444444445
    ],
    [
      86.37,
      96.47777777777777
    ],
    [
      85.11,
      95.82222222222222
    ],
    [
      85.26,
      95.33333333333333
    ],
    [
      85.86,
      95.23333333333333
    ],
    [
      85.24,
      95.16666666666667
    ],
    [
      85.0,
      94.81111111111112
    ],
    [
      85.51,
      94.36666666666666
    ],
    [
      85.84,
      93.74444444444444
    ],
    [
      85.9,
      93.31111111111112
    ],
    [
      85.58,
      92.4
    ],
    [
      85.08,
      91.78888888888889
    ],
    [
      85.16,
      91.56666666666666
    ],
    [
      84.76,
      91.37777777777778
    ],
    [
      84.51,
      90.66666666666667
    ],
    [
      83.97,
      90.31111111111112
    ],
    [
      83.89,
      89.9
    ],
    [
      83.57,
      89.16666666666667
    ],
    [
      83.24,
      88.35555555555555
    ],
    [
      83.12,
      87.78888888888889
    ],
    [
      83.03,
      87.41111111111111
    ],
    [
      82.57,
      86.7
    ],
    [
      82.16,
      85.75555555555556
    ],
    [
      81.5,
      84.41111111111111
    ],
    [
      81.07,
      83.12222222222222
    ],
    [
      80.77,
      82.21111111111111
    ]
  ],
  "defense_trajectory_sam": [
    [
      91.99,
      99.97777777777777
    ],
    [
      91.17,
      99.91111111111111
    ],
    [
      91.48,
      99.95555555555555
    ],
    [
      91.7,
      99.91111111111111
    ],
    [
      91.95,
      99.87777777777778
    ],
    [
      91.5,
      99.81111111111112
    ],
    [
      91.62,
      99.84444444444445
    ],
    [
      91.38,
      99.85555555555555
    ],
    [
      91.64,
      99.81111111111112
    ],
    [
      91.64,
      99.85555555555555
    ],
    [
      91.46,
      99.82222222222222
    ],
    [
      91.53,
      99.64444444444445
    ],
    [
      91.64,
      99.7
    ],
    [
      91.6,
      99.68888888888888
    ],
    [
      91.76,
      99.67777777777778
    ],
    [
      91.28,
      99.57777777777778
    ],
    [
      91.61,
      99.58888888888889
    ],
    [
      91.7,
      99.61111111111111
    ],
    [
      91.79,
      99.58888888888889
    ],
    [
      91.82,
      99.55555555555556
    ],
    [
      91.67,
      99.54444444444445
    ],
    [
      92.05,
      99.53333333333333
    ],
    [
      91.96,
      99.4888888888889
    ],
    [
      91.91,
      99.52222222222223
    ],
    [
      91.86,
      99.46666666666667
    ],
    [
      91.81,
      99.47777777777777
    ],
    [
      91.88,
      99.5
    ],
    [
      91.73,
      99.5111111111111
    ],
    [
      91.6,
      99.47777777777777
    ],
    [
      91.86,
      99.46666666666667
    ],
    [
      91.86,
      99.5
    ],
    [
      91.81,
      99.4888888888889
    ],
    [
      91.83,
      99.47777777777777
    ],
    [
      91.81,
      99.47777777777777
    ],
    [
      91.87,
      99.5
    ],
    [
      91.85,
      99.5
    ],
    [
      91.87,
      99.5
    ],
    [
      91.82,
      99.5
    ],
    [
      91.8,
      99.4888888888889
    ],
    [
      91.87,
      99.41111111111111
    ],
    [
      91.85,
      99.38888888888889
    ],
    [
      91.77,
      99.44444444444444
    ],
    [
      91.9,
      99.36666666666666
    ],
    [
      91.83,
      99.41111111111111
    ],
    [
      91.69,
      99.43333333333334
    ],
    [
      91.63,
      99.43333333333334
    ],
    [
      91.54,
      99.42222222222222
    ],
    [
      91.56,
      99.42222222222222
    ],
    [
      91.74,
      99.37777777777778
    ],
    [
      91.66,
      99.35555555555555
    ]
  ],
  "args": {
    "data_root": "/root/workspace/aaai-backdoor/datasets/",