{
  "summary": {
    "CBL_no_defense": {
      "CA": 92.4,
      "ASR": 99.91111111111111
    },
    "CBL_after_defense": {
      "CA": 89.83,
      "ASR": 24.744444444444444
    },
    "SBL_step0": {
      "CA": 93.05,
      "ASR": 99.92222222222222
    },
    "SBL_step1": {
      "CA": 92.92,
      "ASR": 100.0
    },
    "SBL_after_defense": {
      "CA": 68.86,
      "ASR": 15.255555555555556
    },
    "SAM_only_no_defense": {
      "CA": 93.05,
      "ASR": 99.92222222222222
    },
    "SAM_only_after_defense": {
      "CA": 91.26,
      "ASR": 91.36666666666666
    }
  },
  "defense_trajectory_cbl": [
    [
      77.63,
      90.33333333333333
    ],
    [
      71.08,
      35.044444444444444
    ],
    [
      84.19,
      31.444444444444443
    ],
    [
      85.2,
      17.57777777777778
    ],
    [
      86.36,
      24.92222222222222
    ],
    [
      87.11,
      18.333333333333332
    ],
    [
      86.68,
      25.466666666666665
    ],
    [
      87.23,
      25.3
    ],
    [
      88.13,
      26.18888888888889
    ],
    [
      88.06,
      22.766666666666666
    ],
    [
      88.07,
      21.4
    ],
    [
      88.04,
      22.155555555555555
    ],
    [
      87.52,
      20.433333333333334
    ],
    [
      88.48,
      24.58888888888889
    ],
    [
      88.72,
      28.966666666666665
    ],
    [
      88.66,
      29.58888888888889
    ],
    [
      88.87,
      25.155555555555555
    ],
    [
      88.72,
      26.011111111111113
    ],
    [
      89.08,
      24.211111111111112
    ],
    [
      89.25,
      23.744444444444444
    ],
    [
      89.47,
      24.455555555555556
    ],
    [
      89.53,
      26.055555555555557
    ],
    [
      89.27,
      24.466666666666665
    ],
    [
      88.98,
      21.31111111111111
    ],
    [
      89.04,
      23.355555555555554
    ],
    [
      89.2,
      21.1
    ],
    [
      89.02,
      23.433333333333334
    ],
    [
      88.94,
      20.055555555555557
    ],
    [
      89.3,
      20.68888888888889
    ],
    [
      89.32,
      19.833333333333332
    ],
    [
      89.48,
      19.622222222222224
    ],
    [
      89.5,
      19.92222222222222
    ],
    [
      89.53,
      20.9
    ],
    [
      89.48,
      21.988888888888887
    ],
    [
      89.65,
      24.744444444444444
    ],
    [
      89.83,
      24.7
    ],
    [
      89.81,
      26.755555555555556
    ],
    [
      89.85,
      27.3
    ],
    [
      89.73,
      25.91111111111111
    ],
    [
      89.77,
      25.444444444444443
    ],
    [
      89.79,
      25.8
    ],
    [
      89.81,
      24.488888888888887
    ],
    [
      89.78,
      24.07777777777778
    ],
    [
      89.95,
      24.433333333333334
    ],
    [
      89.8,
      23.6
    ],
    [
      89.74,
      24.877777777777776
    ],
    [
      89.74,
      23.244444444444444
    ],
    [
      89.72,
      24.533333333333335
    ],
    [
      89.83,
      24.711111111111112
    ],
    [
      89.83,
      24.744444444444444
    ]
  ],
  "defense_trajectory_sbl": [
    [
      87.02,
      98.92222222222222
    ],
    [
      87.3,
      93.42222222222222
    ],
    [
      86.25,
      90.4
    ],
    [
      86.54,
      93.25555555555556
    ],
    [
      88.99,
      88.02222222222223
    ],
    [
      86.96,
      85.04444444444445
    ],
    [
      85.03,
      89.86666666666666
    ],
    [
      85.56,
      85.34444444444445
    ],
    [
      83.88,
      82.53333333333333
    ],
    [
      84.76,
      83.23333333333333
    ],
    [
      83.1,
      81.9
    ],
    [
      83.68,
      78.31111111111112
    ],
    [
      84.38,
      73.5111111111111
    ],
    [
      85.47,
      70.6
    ],
    [
      85.73,
      69.96666666666667
    ],
    [
      84.44,
      68.85555555555555
    ],
    [
      84.44,
      66.91111111111111
    ],
    [
      83.9,
      62.25555555555555
    ],
    [
      84.49,
      61.17777777777778
    ],
    [
      84.45,
      58.7
    ],
    [
      84.06,
      55.855555555555554
    ],
    [
      83.26,
      54.58888888888889
    ],
    [
      82.35,
      48.355555555555554
    ],
    [
      81.87,
      46.044444444444444
    ],
    [
      81.22,
      45.833333333333336
    ],
    [
      80.72,
      42.8
    ],
    [
      78.57,
      34.58888888888889
    ],
    [
      80.55,
      33.96666666666667
    ],
    [
      81.09,
      30.622222222222224
    ],
    [
      80.77,
      29.633333333333333
    ],
    [
      80.54,
      28.177777777777777
    ],
    [
      80.19,
      27.677777777777777
    ],
    [
      79.36,
      25.133333333333333
    ],
    [
      79.47,
      25.244444444444444
    ],
    [
      79.31,
      24.08888888888889
    ],
    [
      79.45,
      23.211111111111112
    ],
    [
      78.5,
      22.288888888888888
    ],
    [
      76.8,
      21.477777777777778
    ],
    [
      76.11,
      20.644444444444446
    ],
    [
      75.69,
      19.92222222222222
    ],
    [
      75.35,
      19.288888888888888
    ],
    [
      74.58,
      18.788888888888888
    ],
    [
      73.98,
      18.7
    ],
    [
      73.53,
      18.177777777777777
    ],
    [
      72.96,
      17.877777777777776
    ],
    [
      71.5,
      16.9
    ],
    [
      70.3,
      15.3
    ],
    [
      70.25,
      15.38888888888889
    ],
    [
      69.49,
      15.555555555555555
    ],
    [
      68.86,
      15.255555555555556
    ]
  ],
  "defense_trajectory_sam": [
    [
      90.36,
      98.43333333333334
    ],
    [
      88.4,
      97.73333333333333
    ],
    [
      88.06,
      97.06666666666666
    ],
    [
      90.4,
      97.5111111111111
    ],
    [
      89.93,
      92.62222222222222
    ],
    [
      89.5,
      92.65555555555555
    ],
    [
      89.77,
      95.75555555555556
    ],
    [
      90.54,
      95.65555555555555
    ],
    [
      90.02,
      96.25555555555556
    ],
    [
      89.93,
      96.47777777777777
    ],
    [
      90.71,
      96.35555555555555
    ],
    [
      90.59,
      94.77777777777777
    ],
    [
      90.82,
      94.64444444444445
    ],
    [
      91.05,
      94.74444444444444
    ],
    [
      91.23,
      94.6
    ],
    [
      90.74,
      94.76666666666667
    ],
    [
      91.05,
      94.5111111111111
    ],
    [
      90.97,
      93.96666666666667
    ],
    [
      90.93,
      93.53333333333333
    ],
    [
      90.74,
      91.22222222222223
    ],
    [
      90.84,
      92.06666666666666
    ],
    [
      90.91,
      92.32222222222222
    ],
    [
      91.15,
      91.74444444444444
    ],
    [
      91.11,
      93.14444444444445
    ],
    [
      91.1,
      92.71111111111111
    ],
    [
      91.26,
      92.83333333333333
    ],
    [
      90.94,
      92.55555555555556
    ],
    [
      91.06,
      92.47777777777777
    ],
    [
      91.07,
      92.94444444444444
    ],
    [
      91.22,
      92.85555555555555
    ],
    [
      91.27,
      93.27777777777777
    ],
    [
      91.14,
      92.8
    ],
    [
      91.05,
      92.83333333333333
    ],
    [
      91.16,
      93.42222222222222
    ],
    [
      91.19,
      93.61111111111111
    ],
    [
      91.17,
      93.31111111111112
    ],
    [
      91.22,
      92.8
    ],
    [
      91.2,
      91.67777777777778
    ],
    [
      91.22,
      92.0
    ],
    [
      91.21,
      91.12222222222222
    ],
    [
      91.12,
      90.77777777777777
    ],
    [
      91.07,
      91.64444444444445
    ],
    [
      91.17,
      90.7
    ],
    [
      91.21,
      91.11111111111111
    ],
    [
      91.16,
      91.36666666666666
    ],
    [
      91.14,
      92.07777777777778
    ],
    [
      91.2,
      91.61111111111111
    ],
    [
      91.18,
      91.52222222222223
    ],
    [
      91.21,
      91.54444444444445
    ],
    [
      91.26,
      91.36666666666666
    ]
  ],